{
  "main": {
    "id": "e60a476875667899",
    "type": "split",
    "children": [
      {
        "id": "2174c8c16084eaf5",
        "type": "tabs",
        "children": [
          {
            "id": "a7f8ea0f1103dd68",
            "type": "leaf",
            "state": {
              "type": "markdown",
              "state": {
                "file": "Model accuracy.md",
                "mode": "source",
                "source": false
              }
            }
          },
          {
            "id": "392622cfa4190cda",
            "type": "leaf",
            "state": {
              "type": "markdown",
              "state": {
                "file": "Report.md",
                "mode": "source",
                "source": false
              }
            }
          },
          {
            "id": "608086a1ccfd6442",
            "type": "leaf",
            "state": {
              "type": "markdown",
              "state": {
                "file": "Dataset distribution.md",
                "mode": "source",
                "source": false
              }
            }
          }
        ],
        "currentTab": 1
      }
    ],
    "direction": "vertical"
  },
  "left": {
    "id": "f6100260b94614dd",
    "type": "split",
    "children": [
      {
        "id": "880a866104db3698",
        "type": "tabs",
        "children": [
          {
            "id": "beafb821790e5294",
            "type": "leaf",
            "state": {
              "type": "file-explorer",
              "state": {
                "sortOrder": "alphabetical"
              }
            }
          },
          {
            "id": "bb01015d5c65380d",
            "type": "leaf",
            "state": {
              "type": "search",
              "state": {
                "query": "",
                "matchingCase": false,
                "explainSearch": false,
                "collapseAll": false,
                "extraContext": false,
                "sortOrder": "alphabetical"
              }
            }
          },
          {
            "id": "d745ddd007c592c8",
            "type": "leaf",
            "state": {
              "type": "starred",
              "state": {}
            }
          }
        ]
      }
    ],
    "direction": "horizontal",
    "width": 300
  },
  "right": {
    "id": "022e943fd7ba62af",
    "type": "split",
    "children": [
      {
        "id": "d3fd84c50c1679bc",
        "type": "tabs",
        "children": [
          {
            "id": "683f226ec567bc8d",
            "type": "leaf",
            "state": {
              "type": "backlink",
              "state": {
                "file": "Report.md",
                "collapseAll": false,
                "extraContext": false,
                "sortOrder": "alphabetical",
                "showSearch": false,
                "searchQuery": "",
                "backlinkCollapsed": false,
                "unlinkedCollapsed": true
              }
            }
          },
          {
            "id": "210a9f142a612689",
            "type": "leaf",
            "state": {
              "type": "outgoing-link",
              "state": {
                "file": "Report.md",
                "linksCollapsed": false,
                "unlinkedCollapsed": true
              }
            }
          },
          {
            "id": "ecb174adcaa84f6f",
            "type": "leaf",
            "state": {
              "type": "tag",
              "state": {
                "sortOrder": "frequency",
                "useHierarchy": true
              }
            }
          },
          {
            "id": "3f70918974e2fa09",
            "type": "leaf",
            "state": {
              "type": "outline",
              "state": {
                "file": "Report.md"
              }
            }
          }
        ],
        "currentTab": 2
      }
    ],
    "direction": "horizontal",
    "width": 300,
    "collapsed": true
  },
  "left-ribbon": {
    "hiddenItems": {
      "switcher:Open quick switcher": false,
      "graph:Open graph view": false,
      "canvas:Create new canvas": false,
      "daily-notes:Open today's daily note": false,
      "templates:Insert template": false,
      "command-palette:Open command palette": false,
      "mermaid-tools:Open Mermaid Toolbar": false,
      "table-editor-obsidian:Advanced Tables Toolbar": false
    }
  },
  "active": "392622cfa4190cda",
  "lastOpenFiles": [
    "Model accuracy.md",
    "Report.md",
    "Training performance.md",
    "Dataset distribution.md",
    "res/Training.md",
    "Report.pdf",
    "Workflow.md",
    "res/workflow.png",
    "res/rendered/ad_5cents_3.png",
    "res/at_2euro.texture.png",
    "res/scene_wireframe.png",
    "res/scene_rendered.png",
    "res/at_2euro.jpg",
    "res/data",
    "ad_5cents_3_mask.png",
    "at_2euro_1_mask.png",
    "ad_10cents_2_mask.png",
    "at_2cents_6.png",
    "res/rendered",
    "Motivation.md",
    "Untitled.canvas",
    "2023-03-02.md",
    "res"
  ]
}